f,seed,s,s_se
0.0,42,2.7430431497460397,0.07361855270391014
0.0,43,2.8831656622219555,0.0690825012376184
0.0,44,2.920864847196536,0.06891925706600838
0.0,45,2.821777750421357,0.07089643067510114
0.0,46,2.645337061112684,0.07542421812676875
0.0,47,2.7209248807788953,0.07299803237061753
0.0,48,2.841663105788948,0.07059647485836992
0.0,49,2.799919856305809,0.07091434720713392
0.0,50,2.8040059380974838,0.07071787113204653
0.0,51,2.825463736345155,0.07109327428002853
0.0,52,2.843501252938593,0.07038069290298497
0.0,53,2.8457544055659945,0.0701813735456123
0.0,54,2.74266776892244,0.07257267644651913
0.0,55,2.7889175247346367,0.07192579101588682
0.0,56,2.766453799414171,0.07172132347970525
0.0,57,2.9249158298197075,0.06775316882166908
0.0,58,2.869031346935574,0.06935699201893422
0.0,59,2.849872074951156,0.07010698704931558
0.0,60,2.8184132532425816,0.07131219942433802
0.0,61,2.8643200876682595,0.07008703954092302
0.25,42,2.439519033433037,0.08020762214756688
0.25,43,2.5367360311346725,0.07699112480512336
0.25,44,2.552022279196008,0.07766391230400531
0.25,45,2.522105594874702,0.07770559539004118
0.25,46,2.39367991168818,0.08053917021474749
0.25,47,2.4276809094327345,0.0791296716578787
0.25,48,2.3885444781944085,0.08048553545627894
0.25,49,2.3328849075632387,0.08043961903207768
0.25,50,2.5081346194013134,0.0772828352763426
0.25,51,2.4259725404919505,0.07984697189338971
0.25,52,2.6058207135291536,0.07594223415194122
0.25,53,2.5402089737423585,0.0771404154145836
0.25,54,2.3751736089175566,0.08021143631808272
0.25,55,2.4483506286390213,0.07928097775144681
0.25,56,2.4905135684717616,0.07769599709454902
0.25,57,2.495025263191197,0.07764171128736094
0.25,58,2.5173748978064676,0.07723509530896813
0.25,59,2.4692122411876665,0.07855988272484601
0.25,60,2.4876756794698363,0.07878094902596856
0.25,61,2.4936121715555712,0.07861139010154744
0.5,42,2.03957211150237,0.08703468426152097
0.5,43,2.0515845653647045,0.08549189618486075
0.5,44,2.1553866238364554,0.08496094816496326
0.5,45,2.104845832037496,0.08506352886014616
0.5,46,2.0753899901040485,0.08595734938796842
0.5,47,2.1573580624675515,0.08397781575213058
0.5,48,2.025239379477895,0.08669117885646274
0.5,49,1.9915591829747326,0.08598347845779115
0.5,50,2.1166881426126305,0.08423952725022371
0.5,51,2.0542583707515862,0.0860579615970548
0.5,52,2.2298134284016635,0.08314580135971811
0.5,53,2.206766140512373,0.08308540531046965
0.5,54,2.1215430668218556,0.08451345489171841
0.5,55,2.0840615394523603,0.08557769073979483
0.5,56,2.130734101527512,0.08395905973071624
0.5,57,2.271569286653815,0.08180863152998864
0.5,58,2.1983439987430526,0.08318666828277763
0.5,59,2.12034361420164,0.08465754681171238
0.5,60,2.1482281625768276,0.08488514270864832
0.5,61,2.0083136984815644,0.08682856226513103
0.75,42,1.7050815703114688,0.09152835795207918
0.75,43,1.6197672885107224,0.09109295778936617
0.75,44,1.826924977993891,0.08969933257094251
0.75,45,1.775147524816591,0.08961712709059508
0.75,46,1.7200678191503542,0.09070730346938599
0.75,47,1.8107815640662357,0.0890437034425791
0.75,48,1.741684323685078,0.09042425993182565
0.75,49,1.5949538271938322,0.09099740459733217
0.75,50,1.8162109612383905,0.08841543010111377
0.75,51,1.7027999087384083,0.09064508152922217
0.75,52,1.99694980495492,0.08686489334428506
0.75,53,1.9315949273417152,0.08737150418814454
0.75,54,1.7491886441737647,0.08964783682387259
0.75,55,1.656669816068092,0.09128928256895898
0.75,56,1.8103495606284343,0.08853954540260742
0.75,57,1.8718242949311437,0.08784551505954193
0.75,58,1.7800449591020089,0.08919678124141668
0.75,59,1.6462365821136966,0.09100119927318726
0.75,60,1.7818607000679196,0.09009452258023959
0.75,61,1.67953618995389,0.09101326829993216
1.0,42,1.3236938089145642,0.09534933767345967
1.0,43,1.2347942215927312,0.09474327950501875
1.0,44,1.4836081226751583,0.09355884185541255
1.0,45,1.3937771334889315,0.09377764462275644
1.0,46,1.3964213795720903,0.0941863122588467
1.0,47,1.307548756453866,0.09439287502006288
1.0,48,1.434177946684956,0.09371247794273713
1.0,49,1.332383896482815,0.09361355968637368
1.0,50,1.4367723704095048,0.09266636764079904
1.0,51,1.2793210057648885,0.09491457784069891
1.0,52,1.4859940582293523,0.09303764062568787
1.0,53,1.6106408080473569,0.09141600232214113
1.0,54,1.391435881795458,0.09345054015407724
1.0,55,1.3099662118452176,0.09475292297875719
1.0,56,1.4258176184366602,0.09273571134864103
1.0,57,1.5503809305610279,0.09156290894657879
1.0,58,1.45631025242317,0.09278917709722023
1.0,59,1.3497964682841304,0.09391729110331286
1.0,60,1.4128603501646195,0.09410324913746054
1.0,61,1.37187214403674,0.09441221855784142
