noise_level,seed,qber
0.0,42,0.0
0.0,43,0.0
0.0,44,0.0
0.0,45,0.0
0.0,46,0.0
0.0,47,0.0
0.0,48,0.0
0.0,49,0.0
0.0,50,0.0
0.0,51,0.0
0.0,52,0.0
0.0,53,0.0
0.0,54,0.0
0.0,55,0.0
0.0,56,0.0
0.0,57,0.0
0.0,58,0.0
0.0,59,0.0
0.0,60,0.0
0.0,61,0.0
0.02,42,0.013333333333333334
0.02,43,0.0033333333333333335
0.02,44,0.01
0.02,45,0.01
0.02,46,0.013333333333333334
0.02,47,0.023333333333333334
0.02,48,0.01
0.02,49,0.006666666666666667
0.02,50,0.006666666666666667
0.02,51,0.013333333333333334
0.02,52,0.016666666666666666
0.02,53,0.023333333333333334
0.02,54,0.006666666666666667
0.02,55,0.01
0.02,56,0.016666666666666666
0.02,57,0.01
0.02,58,0.006666666666666667
0.02,59,0.01
0.02,60,0.0
0.02,61,0.0033333333333333335
0.05,42,0.02666666666666667
0.05,43,0.0033333333333333335
0.05,44,0.03666666666666667
0.05,45,0.03333333333333333
0.05,46,0.013333333333333334
0.05,47,0.023333333333333334
0.05,48,0.03333333333333333
0.05,49,0.02
0.05,50,0.016666666666666666
0.05,51,0.03
0.05,52,0.02666666666666667
0.05,53,0.03333333333333333
0.05,54,0.03
0.05,55,0.02
0.05,56,0.03
0.05,57,0.03
0.05,58,0.02666666666666667
0.05,59,0.02666666666666667
0.05,60,0.02
0.05,61,0.023333333333333334
0.1,42,0.05
0.1,43,0.04
0.1,44,0.056666666666666664
0.1,45,0.056666666666666664
0.1,46,0.05333333333333334
0.1,47,0.04666666666666667
0.1,48,0.06
0.1,49,0.04
0.1,50,0.03666666666666667
0.1,51,0.07
0.1,52,0.04
0.1,53,0.056666666666666664
0.1,54,0.056666666666666664
0.1,55,0.04
0.1,56,0.043333333333333335
0.1,57,0.08
0.1,58,0.05333333333333334
0.1,59,0.043333333333333335
0.1,60,0.056666666666666664
0.1,61,0.04666666666666667
0.15,42,0.07333333333333333
0.15,43,0.06
0.15,44,0.08333333333333333
0.15,45,0.08333333333333333
0.15,46,0.08333333333333333
0.15,47,0.07333333333333333
0.15,48,0.08333333333333333
0.15,49,0.05333333333333334
0.15,50,0.056666666666666664
0.15,51,0.09666666666666666
0.15,52,0.09
0.15,53,0.08333333333333333
0.15,54,0.1
0.15,55,0.06
0.15,56,0.06
0.15,57,0.09666666666666666
0.15,58,0.07
0.15,59,0.06333333333333334
0.15,60,0.07
0.15,61,0.08
0.2,42,0.10666666666666667
0.2,43,0.09
0.2,44,0.11666666666666667
0.2,45,0.11666666666666667
0.2,46,0.11666666666666667
0.2,47,0.09
0.2,48,0.11666666666666667
0.2,49,0.07333333333333333
0.2,50,0.08
0.2,51,0.13
0.2,52,0.09666666666666666
0.2,53,0.1
0.2,54,0.11666666666666667
0.2,55,0.07333333333333333
0.2,56,0.09666666666666666
0.2,57,0.11333333333333333
0.2,58,0.09
0.2,59,0.10666666666666667
0.2,60,0.10333333333333333
0.2,61,0.10666666666666667
