f,seed,qber
0.0,42,0.0
0.0,43,0.0
0.0,44,0.0
0.0,45,0.0
0.0,46,0.0
0.0,47,0.0
0.0,48,0.0
0.0,49,0.0
0.0,50,0.0
0.0,51,0.0
0.0,52,0.0
0.0,53,0.0
0.0,54,0.0
0.0,55,0.0
0.0,56,0.0
0.0,57,0.0
0.0,58,0.0
0.0,59,0.0
0.0,60,0.0
0.0,61,0.0
0.25,42,0.08
0.25,43,0.05
0.25,44,0.06
0.25,45,0.043333333333333335
0.25,46,0.09
0.25,47,0.04
0.25,48,0.07666666666666666
0.25,49,0.05333333333333334
0.25,50,0.06666666666666667
0.25,51,0.06666666666666667
0.25,52,0.07333333333333333
0.25,53,0.05333333333333334
0.25,54,0.07
0.25,55,0.06333333333333334
0.25,56,0.06333333333333334
0.25,57,0.08666666666666667
0.25,58,0.05333333333333334
0.25,59,0.05333333333333334
0.25,60,0.06666666666666667
0.25,61,0.06333333333333334
0.5,42,0.15666666666666668
0.5,43,0.13333333333333333
0.5,44,0.15
0.5,45,0.11
0.5,46,0.17
0.5,47,0.1
0.5,48,0.13666666666666666
0.5,49,0.12333333333333334
0.5,50,0.12666666666666668
0.5,51,0.11333333333333333
0.5,52,0.15
0.5,53,0.09
0.5,54,0.15666666666666668
0.5,55,0.14666666666666667
0.5,56,0.11
0.5,57,0.14666666666666667
0.5,58,0.11
0.5,59,0.14333333333333334
0.5,60,0.12
0.5,61,0.12666666666666668
0.75,42,0.20333333333333334
0.75,43,0.18666666666666668
0.75,44,0.23333333333333334
0.75,45,0.18
0.75,46,0.21666666666666667
0.75,47,0.17333333333333334
0.75,48,0.21
0.75,49,0.18
0.75,50,0.18666666666666668
0.75,51,0.16333333333333333
0.75,52,0.22
0.75,53,0.16
0.75,54,0.21666666666666667
0.75,55,0.21666666666666667
0.75,56,0.17666666666666667
0.75,57,0.2
0.75,58,0.15666666666666668
0.75,59,0.22333333333333333
0.75,60,0.16666666666666666
0.75,61,0.20666666666666667
1.0,42,0.26
1.0,43,0.24333333333333335
1.0,44,0.2866666666666667
1.0,45,0.25666666666666665
1.0,46,0.2866666666666667
1.0,47,0.21333333333333335
1.0,48,0.26
1.0,49,0.25666666666666665
1.0,50,0.25333333333333335
1.0,51,0.21333333333333335
1.0,52,0.26666666666666666
1.0,53,0.21666666666666667
1.0,54,0.28
1.0,55,0.27666666666666667
1.0,56,0.25333333333333335
1.0,57,0.2833333333333333
1.0,58,0.22
1.0,59,0.2733333333333333
1.0,60,0.25333333333333335
1.0,61,0.24
